-- insert dummy address data
insert into capstone_ots.addresses (address_id, street, apt_num, city, state, zip, country)values (1,'lincoln street','45','Toronto','ON','K1K Z4Z', 'Canada'),
(2,'1223 lion ave', 'unit 102', 'Calgary', 'Alberta', 'N1H ABC', 'Canada'),
(3, '300 West fork drive', null ,'Deerfield  beach', 'FL', '33442', 'US'),
(4, '10 park st', '11','Brighouse', 'Calderdale', 'HD6 1AD', 'United Kingdom'),
(5, '1392 Walnut Hill drive',null,'Cincinnati','OH','45229','United States'),
(6, '44 White Rd',null,'Philadelphia','PA','19102','United States'),
(7,"7225 Gravida Road","385","Arviat","Nunavut","9611","United Kingdom"),
(8,"7784 Senectus Avenue","unit 567","Kidderminster","NV","34W 7B4","Canada"),
(9,"1318 In, Street",null,"Carbonear","SE","39246-93532","Canada"),
(10,"Nunc Ave",null,"Fochabers","WO","23581-312","Canada");
  
-- insert dummy customer data
insert into capstone_ots.customers (customer_id, first_name, middle_initial, last_name, phone, email, customer_notes, billing_address_id) 
values (1, 'Steven','A','Park','5584021342','stevepark@gmail.com','customer has file complaint before',1),
(2, 'Denim', null, 'Rob', '1231239999','denimrob@ymail.com', null, 2),
(3, 'James', 'B', 'Case', '6661236025','jamesy@hotmail.com', 'Customer is very good at feedbacks', 3),
(4, 'Jenny', null, 'nolan', '9751226025','jenny12@icloud.com', null, 4),
(5, 'Tom', 'C', 'johnson','333345291','Tomc@gmail.com','has cancelled order several times previously',5),
(6,"Tarik","A","Luna","3882370852","aliquam.nisl.nulla@outlook.edu","Cras lorem",6),
(7,"Driscoll",null,"Merritt","3967664866","enim.consequat.purus@protonmail.edu","Random customer notes",7),
(8,"Judah",null,"Bartlett","9585763385","leo.morbi@icloud.edu","Customer has seperate billing and shipping address",8),
(9,"Lani","C","Huff","4461247866","convallis.dolor@google.com",null,9),
(10,"Ila","A","Hess","4842614736","ipsum@icloud.ca",null,10);
  
-- insert order status data
insert into capstone_ots.order_statuses(order_status_code, order_status_description)
values(1, 'Draft'),(2, 'Order Placed'), (3, 'In Transit'), (4, 'Delivered'), (5, 'Canceled');

-- insert dummy order data  
insert into capstone_ots.orders(order_id, customer_id, order_status_code, order_placed, order_notes, shipping_address_id)
values(1, 1, 1, '2022-11-12 6:15', 'order delivery delayed to 2022-11-20', null),
(2, 2, 2, '2022-11-10 6:30', 'order delivery delayed', 2),
(3, 3, 2, '2022-11-9 8:30', 'black sweater to ship in seperate order', 3),
(4, 4, 2, '2022-11-12 12:15', null, 5),
(5, 5, 2, '2022-11-10 3:55', null, 6),
(6,1,3,"2022-06-05 05:06","nascetur ridiculus mus. Donec dignissim magna a tortor.",1),
(7,2,3,"2023-08-25 07:58","Morbi metus. Vivamus euismod urna. Nullam lobortis quam a",2),
(8,3,2,"2022-05-18 04:05","ridiculus mus. Aenean",3),
(9,4,5,"2022-09-14 03:49","odio,",4),
(10,5,3,"2021-3-27 10:30","lobortis risus",5),
(11,6,5,"2022-09-06 11:59","lectus, a sollicitudin orci sem eget massa. Suspendisse",6),
(12,7,2,"2023-07-02 02:17","nibh. Quisque nonummy ipsum",7),
(13,8,4,"2023-09-28 07:09","arcu vel quam dignissim pharetra. Nam",8),
(14,9,3,"2022-09-01 01:39","Phasellus vitae mauris sit amet",9),
(15,10,2,"2023-04-09 02:48","eu, placerat eget, venenatis a, magna.",10),
(16,1,4,"2023-09-20 03:49","Aliquam auctor, velit eget laoreet posuere, enim nisl",1),
(17,2,1,"2023-03-19 07:30","rutrum.",2),
(18,3,2,"2023-12-03 02:16","egestas. Sed pharetra,",3),
(19,4,1,"2022-05-30 01:59","Aenean massa.",4),
(20,5,4,"2022-02-04 12:42","dui. Suspendisse ac metus vitae",5),
(21,6,4,"2021-12-29 05:52","Cras eget",6),
(22,7,5,"2022-05-06 08:05","accumsan sed, facilisis vitae,",7),
(23,8,3,"2023-09-28 02:09","luctus, ipsum leo elementum sem,",8),
(24,9,2,"2022-06-18 03:36","et arcu",9),
(25,10,5,"2023-03-28 11:53","morbi tristique senectus et netus et",10),
(26,1,1,"2022-07-29 08:37","Nam nulla magna, malesuada vel, convallis in, cursus",1),
(27,2,3,"2022-08-21 02:58","ut eros non",2),
(28,3,3,"2022-04-18 05:24","blandit viverra. Donec tempus, lorem",3),
(29,4,3,"2022-11-03 06:18","molestie. Sed id risus quis diam luctus lobortis. Class aptent",4),
(30,5,4,"2022-10-03 07:17","orci luctus et ultrices posuere cubilia",5);
  
-- insert dummy product data
insert into capstone_ots.Products (product_id, product_SKU, product_price, product_name, product_inventory, product_description) values
(1, 'DEN-BLU-MEN', 31.99, 'Denim Pant', 100, 'Blue Denim Pants'),
(2, 'KNI-BLA-WOM', 26.30, 'Knit Sweater', 120, 'Black Knit Sweater'),
(3, 'SAL-KIT-HOM', 14.99, 'Shaker Set', 300, 'Salt and Pepper Shaker Set'),
(4, 'CAN-MUL-JUN', 49.99, 'Canvas Slides', 140, 'Rainbow Canvas Slides'),
(5, 'DES-SIL-HOM', 61.54, 'Desk Lamp', 50, 'Silver Desk Lamp'),
(6,'SHO-MEN-LEA',31.11,"Men's Shoes",92,"Men's Leather Shoes"),
(7,'SHO-WOM-LEA',63.55,"Women's Shoes",88,"Women's Leather Shoes"),
(8,'TSH-MEN-COT',43.91,"Men's Tshirt",33,"Men's Cotton Tshirt"),
(9,'TSH-WOM-COT',78.64,"Women's Tshirt",62,"Women's Cotton Tshirt"),
(10,'COT-BLA-MEN',46.80,"Cotton Pant",96,"Black Cotton Pants"),
(11, 'DEN-BLU-WOM', 31.99, 'Denim Pant', 100, "Women's Black Denim Pants"),
(12, 'DEN-BLU-WOM', 26.30, 'Denim Pant', 120, "Women's Blue Denim Pants"),
(13, 'SPO-KIT-HOM', 10.99, 'Spoon Set', 100, 'Spoon Set for Kitchen'),
(14, 'BOW-KIT-HOM', 49.99, 'Bowl Set', 140, 'Glass Bowl Set for Kitchen'),
(15, 'PLA-WAT-BTL', 20.00, 'Water bottle', 50, 'Hard Plastic Water Bottle'),
(16,'SOC-MEN-PCK',31.11,"Men's Socks",92,"Men's Socks (Pack of 3)"),
(17,'SOC-WOM-PCK',31.11,"Women's Socks",88,"Women's Socks (Pack of 3)"),
(18,'SHT-MEN-COT',40.00,"Men's shirt",33,"Men's slimfit shirt"),
(19,'SHT-WOM-COT',40.00,"Women's shirt",45,"Women's formal shirt"),
(20,'SHO-RED-MEN',50.00,"Running shoes",34,"Men's Red Runnig  Shoes"),
(21,'SHO-BLK-WOM',50.00,"Running shoes",30,"Women's Black Runnig  Shoes"),
(22,'HOD-MEN-YEl',50.00,"Hoddies",58,"Men's Yellow Hoodies"),
(23,'TSH-SHO-MEN',20.00,"Short sleeve Tshirt",33,"Men's Short Sleeve Tshirt"),
(24,'TRN-COA-WOM',50.00,"Trench Coat",50,"Women's Trench Coats"),
(25,'HND-BAG-WOM',24.99,"Hand Bag",90,"Women's Hand Bag"),
(26,'CUS-WHT-HOM',10.99,"White Cushions",50,"White Cushions for Home"),
(27,'CUS-RED-HOM',12.99,"Red Cushions",65,"Red Cushions for Home"),
(28,'PUF-RED-WOM',70.00,"RED Puffer Jacket",80,"Women's Red Puffer Jacket"),
(29,'PUF-BLU-WOM',70.00,"Blue Puffer Jacket",62,"Women's Blue Puffer Jacket"),
(30,'FEA-BLK-HAT',30.00,"Black Hat",50,"Black hat With Feather");

-- insert dummy order details data
insert into capstone_ots.Order_details (order_details_id, order_id, product_id, product_quantity) values
(1, 1, 2, 3),
(2, 2, 1, 3),
(3, 3, 2, 6),
(4, 4, 3, 6),
(5, 5, 4, 3),
(6,1,16,10),
(7,2,28,8),
(8,3,28,1),
(9,4,8,2),
(10,5,21,4),
(11,1,16,3),
(12,2,28,6),
(13,3,28,10),
(14,4,8,4),
(15,5,21,2),
(16,6,23,6),
(17,7,4,5),
(18,8,10,8),
(19,9,18,6),
(20,10,6,4),
(21,6,4,5),
(22,7,10,4),
(23,8,23,4),
(24,9,11,2),
(25,10,7,9),
(26,11,21,2),
(27,12,13,4),
(28,13,6,8),
(29,14,18,7),
(30,15,2,5);